case_id,participant_id,date,calendar_context,behavior_context,key_observations,rating_instruction,option_A_recommendation,option_A_reason,option_B_recommendation,option_B_reason,preferred_option_A_or_B,A_relevance_1_5,B_relevance_1_5,A_behavioral_alignment_1_5,B_behavioral_alignment_1_5,A_feasibility_1_5,B_feasibility_1_5,A_safety_1_5,B_safety_1_5,notes
S001,P001,2026-03-10,08:30-09:45 class (fixed); 10:30-11:15 project meeting (fixed); 15:00-17:00 study block (flexible); 21:00-22:30 optional work session (flexible),Sleep onset is drifting later alongside increased late-night screen use — a phone-mediated sleep-delay pattern. Evening calendar density and wind-down timing are plausible leverage points.,Sleep onset has been around 23:57 (about 0.7h later than typical 23:17); (yesterday only); Sleep has averaged 7.0h (0.4h shorter than typical 7.4h); drifting over the last 3d; Late-night screen use up 86% vs personal baseline (56min vs typical 30min); (yesterday only),"Compare Option A and Option B. Pick the option that is more useful, behavior-aware, feasible, and safe for this day.","End the 'optional work session' by 21:45 at the latest, and add a short Wind-down block from 21:45–22:15 (no work screens)","The optional work session currently runs until 22:30, which overlaps with the window where late-night screen use has been elevated. Capping active screen work ~45 min earlier and inserting a brief screen-free wind-down creates a buffer before the target sleep window, directly addressing the mechanism behind the phone-mediated-sleep-delay pattern.",Preserve study block but leave its exact start time adjustable.,"Without behavioral context, the safest recommendation is to maintain flexibility around a non-fixed event.",,,,,,,,,,
S002,P001,2026-03-11,08:30-09:45 class (fixed); 10:30-11:15 project meeting (fixed); 15:00-17:00 study block (flexible); 21:00-22:30 optional work session (flexible),Sleep onset is drifting later alongside increased late-night screen use — a phone-mediated sleep-delay pattern. Evening calendar density and wind-down timing are plausible leverage points.; Sleep schedule consistency has dropped; circadian rhythm is less stable than typical. Anchoring morning wake time and fixed daily events can help.,Sleep onset has been around 00:28 (about 1.2h later than typical 23:18); drifting over the last 3d; Sleep has averaged 6.7h (0.7h shorter than typical 7.4h); drifting over the last 3d; Sleep schedule has been less consistent (SRI 75 vs typical 84); drifting over the last 3d,"Compare Option A and Option B. Pick the option that is more useful, behavior-aware, feasible, and safe for this day.","Convert tonight's 'optional work session' (21:00–22:30) to end by 21:45, and add a 'Wind-down — screens off' block from 21:45 to 22:30","Late-night screen use has been running 78 min on 2 of the last 3 nights, directly overlapping this optional session window. Capping active screen work at 21:45 and protecting the remaining time as a wind-down buffer targets the most proximate driver of the delayed sleep onset, without cancelling the work session entirely.",Keep study block flexible and add a 15-minute buffer before it.,The calendar has several obligations; a small buffer is a low-burden adjustment.,,,,,,,,,,
S003,P001,2026-03-12,08:30-09:45 class (fixed); 10:30-11:15 project meeting (fixed); 15:00-17:00 study block (flexible); 21:00-22:30 optional work session (flexible),Sleep onset is drifting later alongside increased late-night screen use — a phone-mediated sleep-delay pattern. Evening calendar density and wind-down timing are plausible leverage points.; Sleep schedule consistency has dropped; circadian rhythm is less stable than typical. Anchoring morning wake time and fixed daily events can help.; Attention is more fragmented while sleep is shorter — attention costs typically rise when sleep debt accumulates. Worth protecting sleep opportunity over discretionary evening commitments.,Sleep onset has been around 01:04 (about 1.8h later than typical 23:18); sustained across the last 3d; Sleep has averaged 6.3h (1.1h shorter than typical 7.4h); sustained across the last 3d; Sleep schedule has been less consistent (SRI 70 vs typical 84); sustained across the last 3d,"Compare Option A and Option B. Pick the option that is more useful, behavior-aware, feasible, and safe for this day.",Add a short transition buffer after study block if the day feels crowded.,"The calendar includes multiple commitments, so a small transition buffer may reduce schedule friction.","Add a 'Wind-down — screens off' block at 22:30, replacing or capping the tail of the optional work session","Late-night screen use is 260% above baseline and has been the sustained driver of the ~1.8h sleep-onset delay. Ending the optional work session at 22:30 and marking it as a hard screen-off point creates a buffer before a target sleep onset closer to baseline (~23:15–23:30). The work session is already marked flexible, so this is a low-disruption change.",,,,,,,,,,
S004,P002,2026-03-10,08:30-09:45 class (fixed); 10:30-11:15 project meeting (fixed); 15:00-17:00 study block (flexible); 20:00-22:00 deadline work block (flexible),Location routine has narrowed and time concentrated at frequent places — a behavioral-withdrawal pattern often associated with lower mood and reduced third-place engagement.,Location routine more restricted than baseline (entropy 1.48 vs 1.87); drifting over the last 3d; More time at top-3 frequent places (70% vs typical 58%); (yesterday only),"Compare Option A and Option B. Pick the option that is more useful, behavior-aware, feasible, and safe for this day.","Relocate the afternoon study block (15:00–17:00) to a different venue — a library, café, or campus common area — rather than the usual spot","The 3-day drift toward fewer distinct locations suggests routine has narrowed. Shifting a flexible, already-scheduled block to a different physical space adds location variety with zero extra time cost, directly countering the withdrawal pattern without adding burden.",Add a short transition buffer after study block if the day feels crowded.,"The calendar includes multiple commitments, so a small transition buffer may reduce schedule friction.",,,,,,,,,,
S005,P002,2026-03-11,08:30-09:45 class (fixed); 10:30-11:15 project meeting (fixed); 15:00-17:00 study block (flexible); 20:00-22:00 deadline work block (flexible),Location routine has narrowed and time concentrated at frequent places — a behavioral-withdrawal pattern often associated with lower mood and reduced third-place engagement.,"Total screen time elevated (279min/day vs typical 242min, +15%); drifting over the last 3d; Location routine more restricted than baseline (entropy 1.14 vs 1.87); drifting over the last 3d; More time at top-3 frequent places (81% vs typical 58%); intermittently (2d of 3)","Compare Option A and Option B. Pick the option that is more useful, behavior-aware, feasible, and safe for this day.",Preserve study block but leave its exact start time adjustable.,"Without behavioral context, the safest recommendation is to maintain flexibility around a non-fixed event.",Add a recurring 'Get outside / change of scene' block at 12:30 (30 min) on days with no fixed midday commitments,"Mobility entropy is down sharply and location time is concentrated at familiar places. A brief, low-commitment midday prompt to leave the primary location on unstructured days directly targets the location-contraction component of the withdrawal cluster without requiring a large schedule change.",,,,,,,,,,
S006,P002,2026-03-12,08:30-09:45 class (fixed); 10:30-11:15 project meeting (fixed); 15:00-17:00 study block (flexible); 20:00-22:00 deadline work block (flexible),Location routine has narrowed and time concentrated at frequent places — a behavioral-withdrawal pattern often associated with lower mood and reduced third-place engagement.,"Total screen time elevated (293min/day vs typical 241min, +22%); sustained across the last 3d; Location routine more restricted than baseline (entropy 0.78 vs 1.86); sustained across the last 3d; More time at top-3 frequent places (92% vs typical 58%); sustained across the last 3d","Compare Option A and Option B. Pick the option that is more useful, behavior-aware, feasible, and safe for this day.",Add a short 'step outside' break block (15 min walk or errand outside home/campus) in the mid-afternoon gap before the study block,"Location entropy has been pronounced-low for 3 days and nearly all time is at familiar places. A brief, low-effort out-of-home slot introduces variety without disrupting fixed commitments and works against the narrowing location pattern.",Keep study block flexible and add a 15-minute buffer before it.,The calendar has several obligations; a small buffer is a low-burden adjustment.,,,,,,,,,,
S007,P003,2026-03-10,08:30-09:45 class (fixed); 10:30-11:15 project meeting (fixed); 15:00-17:00 study block (flexible); 21:00-22:30 optional work session (flexible),Sleep schedule consistency has dropped; circadian rhythm is less stable than typical. Anchoring morning wake time and fixed daily events can help.,Sleep schedule has been less consistent (SRI 78 vs typical 86); (yesterday only); Daily routine timing less regular (SRM 0.74 vs typical 0.83); (yesterday only),"Compare Option A and Option B. Pick the option that is more useful, behavior-aware, feasible, and safe for this day.",Keep study block flexible and add a 15-minute buffer before it.,The calendar has several obligations; a small buffer is a low-burden adjustment.,"Cap or remove the optional work session tonight — if kept, add a hard-stop reminder at 22:00 so wind-down can begin by 22:15","The optional work session (21:00–22:30) is the most likely candidate for extending wakefulness and delaying sleep onset tonight. Given that routine timing was less regular yesterday, anchoring an earlier end to the evening helps re-sync the daily schedule without requiring any morning changes.",,,,,,,,,,
S008,P003,2026-03-11,08:30-09:45 class (fixed); 10:30-11:15 project meeting (fixed); 15:00-17:00 study block (flexible); 21:00-22:30 optional work session (flexible),Sleep schedule consistency has dropped; circadian rhythm is less stable than typical. Anchoring morning wake time and fixed daily events can help.,Sleep onset has been around 00:16 (about 0.9h later than typical 23:24); (yesterday only); Sleep schedule has been less consistent (SRI 70 vs typical 86); intermittently (2d of 3); Daily routine timing less regular (SRM 0.65 vs typical 0.83); intermittently (2d of 3),"Compare Option A and Option B. Pick the option that is more useful, behavior-aware, feasible, and safe for this day.","End or convert the 'optional work session' to a hard stop at 21:45, and add a 30-minute Wind-down block from 22:00–22:30 (no screens / low-stimulation activity)","Sleep onset has drifted ~1 hour later and sleep regularity is down. The optional work session currently runs until 22:30, leaving very little buffer before the baseline sleep window. Capping work earlier and protecting a wind-down buffer creates a consistent pre-sleep anchor, which directly addresses the circadian-instability pattern.",Add a short transition buffer after study block if the day feels crowded.,"The calendar includes multiple commitments, so a small transition buffer may reduce schedule friction.",,,,,,,,,,
S009,P003,2026-03-12,08:30-09:45 class (fixed); 10:30-11:15 project meeting (fixed); 15:00-17:00 study block (flexible); 21:00-22:30 optional work session (flexible),Sleep schedule consistency has dropped; circadian rhythm is less stable than typical. Anchoring morning wake time and fixed daily events can help.,Sleep onset has been around 00:22 (about 1.0h later than typical 23:24); intermittently (1d of 3); Sleep has averaged 6.9h (0.6h shorter than typical 7.4h); intermittently (2d of 3); Sleep schedule has been less consistent (SRI 61 vs typical 86); sustained across the last 3d,"Compare Option A and Option B. Pick the option that is more useful, behavior-aware, feasible, and safe for this day.",Preserve study block but leave its exact start time adjustable.,"Without behavioral context, the safest recommendation is to maintain flexibility around a non-fixed event.","Convert tonight's 'optional work session' (21:00–22:30) to end at 21:30, and add a Wind-down block from 21:30–22:15","Sleep onset has been running ~1 hour late. Capping the optional work session earlier and inserting a wind-down buffer creates a consistent pre-sleep anchor that can help pull onset back toward the baseline 23:24 target, supporting recovery of the sleep regularity index.",,,,,,,,,,
S010,P004,2026-03-10,08:30-09:45 class (fixed); 10:30-11:15 project meeting (fixed); 15:00-17:00 study block (flexible); 13:00-14:00 lab prep (flexible); 19:30-21:30 problem set work (flexible),Attention is more fragmented while sleep is shorter — attention costs typically rise when sleep debt accumulates. Worth protecting sleep opportunity over discretionary evening commitments.,Sleep has averaged 7.1h (0.5h shorter than typical 7.6h); (yesterday only); Attention pattern more fragmented than baseline (1.4 vs 1.0 switches/active-min); (yesterday only),"Compare Option A and Option B. Pick the option that is more useful, behavior-aware, feasible, and safe for this day.","Add a 20-minute Wind-down buffer block at 21:30 (immediately after problem-set work ends) — no screens, light activity only","The problem-set block ends at 21:30. Adding a short screen-free buffer before bed reduces the risk of late-night screen use pushing sleep onset later, which would extend the current mild sleep shortfall into a second night and likely sustain the elevated app-switching pattern tomorrow.",Preserve study block but leave its exact start time adjustable.,"Without behavioral context, the safest recommendation is to maintain flexibility around a non-fixed event.",,,,,,,,,,
S011,P004,2026-03-11,08:30-09:45 class (fixed); 10:30-11:15 project meeting (fixed); 15:00-17:00 study block (flexible); 13:00-14:00 lab prep (flexible); 19:30-21:30 problem set work (flexible),Attention is more fragmented while sleep is shorter — attention costs typically rise when sleep debt accumulates. Worth protecting sleep opportunity over discretionary evening commitments.,"Sleep has averaged 6.5h (1.1h shorter than typical 7.6h); intermittently (2d of 3); Late-night screen use up 95% vs personal baseline (54min vs typical 28min); drifting over the last 3d; Total screen time elevated (309min/day vs typical 245min, +26%); intermittently (2d of 3)","Compare Option A and Option B. Pick the option that is more useful, behavior-aware, feasible, and safe for this day.","Add a 'Wind-down / screens off' block at 22:00–22:30 each evening, immediately after the problem set work block ends",Late-night screen use has drifted to ~54 min/night (up from a typical ~28 min). Placing a named wind-down block right after the 21:30 work cutoff creates a visible boundary that discourages screen continuation and protects the sleep window. Even a 30-minute earlier screens-off point can meaningfully shift sleep onset.,Keep study block flexible and add a 15-minute buffer before it.,The calendar has several obligations; a small buffer is a low-burden adjustment.,,,,,,,,,,
S012,P004,2026-03-12,08:30-09:45 class (fixed); 10:30-11:15 project meeting (fixed); 15:00-17:00 study block (flexible); 13:00-14:00 lab prep (flexible); 19:30-21:30 problem set work (flexible),Attention is more fragmented while sleep is shorter — attention costs typically rise when sleep debt accumulates. Worth protecting sleep opportunity over discretionary evening commitments.,"Sleep has averaged 5.8h (1.8h shorter than typical 7.6h); sustained across the last 3d; Late-night screen use up 139% vs personal baseline (67min vs typical 28min); sustained across the last 3d; Total screen time elevated (348min/day vs typical 239min, +45%); sustained across the last 3d","Compare Option A and Option B. Pick the option that is more useful, behavior-aware, feasible, and safe for this day.","Add a 'Screen wind-down' block at 22:00–22:30 — phone away, no new apps opened. This sits right after the problem-set block ends (21:30) and creates a buffer before sleep.",Late-night screen use is running 39 minutes above baseline and is the most likely mechanism compressing sleep. A 30-minute screen-free buffer before bed is a low-burden way to move sleep onset earlier without touching any fixed events.,Add a short transition buffer after study block if the day feels crowded.,"The calendar includes multiple commitments, so a small transition buffer may reduce schedule friction.",,,,,,,,,,
S013,P005,2026-03-10,08:30-09:45 class (fixed); 10:30-11:15 project meeting (fixed); 15:00-17:00 study block (flexible); 21:00-22:30 optional work session (flexible),Sleep onset is drifting later alongside increased late-night screen use — a phone-mediated sleep-delay pattern. Evening calendar density and wind-down timing are plausible leverage points.,Sleep onset has been around 23:40 (about 0.5h later than typical 23:07); (yesterday only); Late-night screen use up 64% vs personal baseline (56min vs typical 34min); drifting over the last 3d; Location routine more restricted than baseline (entropy 1.54 vs 1.79); (yesterday only),"Compare Option A and Option B. Pick the option that is more useful, behavior-aware, feasible, and safe for this day.",Add a short transition buffer after study block if the day feels crowded.,"The calendar includes multiple commitments, so a small transition buffer may reduce schedule friction.",End or convert the 'optional work session' block to a screen-free wind-down by 22:00 — shift its end time from 22:30 to 22:00 and add a 'Wind-down / no screens' block from 22:00 to 22:30,"The optional work session currently runs to 22:30, which overlaps with the window where late-night screen use has been elevated. Capping active screen work at 22:00 and protecting the following 30 minutes as a low-stimulation buffer creates a structural nudge toward an earlier sleep onset, directly addressing the phone-mediated-sleep-delay pattern.",,,,,,,,,,
S014,P005,2026-03-11,08:30-09:45 class (fixed); 10:30-11:15 project meeting (fixed); 15:00-17:00 study block (flexible); 21:00-22:30 optional work session (flexible),Sleep onset is drifting later alongside increased late-night screen use — a phone-mediated sleep-delay pattern. Evening calendar density and wind-down timing are plausible leverage points.; Location routine has narrowed and time concentrated at frequent places — a behavioral-withdrawal pattern often associated with lower mood and reduced third-place engagement.,Sleep onset has been around 00:11 (about 1.1h later than typical 23:07); intermittently (2d of 3); Late-night screen use up 121% vs personal baseline (76min vs typical 35min); drifting over the last 3d; Location routine more restricted than baseline (entropy 1.36 vs 1.78); intermittently (2d of 3),"Compare Option A and Option B. Pick the option that is more useful, behavior-aware, feasible, and safe for this day.",Preserve study block but leave its exact start time adjustable.,"Without behavioral context, the safest recommendation is to maintain flexibility around a non-fixed event.","End or convert the 'optional work session' to a wind-down block by 22:00, freeing 22:00–22:30 as screen-free time before bed","Late-night screen use has more than doubled versus baseline and is on a drift trajectory. The optional work session currently runs until 22:30, which overlaps with the window where screen use is elevating sleep onset. Capping active work/screen engagement at 22:00 creates a buffer before a target sleep onset closer to baseline (~23:10).",,,,,,,,,,
S015,P005,2026-03-12,08:30-09:45 class (fixed); 10:30-11:15 project meeting (fixed); 15:00-17:00 study block (flexible); 21:00-22:30 optional work session (flexible),Sleep onset is drifting later alongside increased late-night screen use — a phone-mediated sleep-delay pattern. Evening calendar density and wind-down timing are plausible leverage points.; Location routine has narrowed and time concentrated at frequent places — a behavioral-withdrawal pattern often associated with lower mood and reduced third-place engagement.,Sleep onset has been around 00:38 (about 1.5h later than typical 23:07); sustained across the last 3d; Late-night screen use up 165% vs personal baseline (94min vs typical 35min); sustained across the last 3d; Location routine more restricted than baseline (entropy 1.16 vs 1.77); sustained across the last 3d,"Compare Option A and Option B. Pick the option that is more useful, behavior-aware, feasible, and safe for this day.",Keep study block flexible and add a 15-minute buffer before it.,The calendar has several obligations; a small buffer is a low-burden adjustment.,"Replace or end the 'optional work session' by 22:00 and add a Wind-down block from 22:00–22:45 (no screens, low-stimulation activity)","Late-night screen use is running 165% above baseline and sleep onset has shifted 1.5h later over 3 consecutive days. The optional work session (21:00–22:30) sits squarely in the high-risk window. Capping work at 22:00 and inserting a screen-free wind-down creates a structural break before the typical drift point, directly targeting the phone-mediated sleep delay pattern.",,,,,,,,,,
S016,P006,2026-03-10,08:30-09:45 class (fixed); 10:30-11:15 project meeting (fixed); 15:00-17:00 study block (flexible); 21:00-22:30 optional work session (flexible),Sleep onset is drifting later alongside increased late-night screen use — a phone-mediated sleep-delay pattern. Evening calendar density and wind-down timing are plausible leverage points.,Sleep onset has been around 00:00 (about 0.7h later than typical 23:19); (yesterday only); Sleep has averaged 7.1h (0.5h shorter than typical 7.5h); (yesterday only); Late-night screen use up 96% vs personal baseline (55min vs typical 28min); drifting over the last 3d,"Compare Option A and Option B. Pick the option that is more useful, behavior-aware, feasible, and safe for this day.",Keep study block flexible and add a 15-minute buffer before it.,The calendar has several obligations; a small buffer is a low-burden adjustment.,"End or convert tonight's 'optional work session' (21:00–22:30) to a screen-free or low-screen wind-down block — e.g., rename to 'Wind-down / no screens after 22:00' and treat the 22:00–22:30 slot as protected offline time.","The optional work session ends at 22:30, right in the window where late-night screen use has been elevated for 3 days. Capping active screen use by 22:00 creates a 30-minute buffer before a target sleep onset closer to the personal baseline (~23:20), which could help reverse the recent drift without requiring any earlier commitment.",,,,,,,,,,
S017,P006,2026-03-11,08:30-09:45 class (fixed); 10:30-11:15 project meeting (fixed); 15:00-17:00 study block (flexible); 21:00-22:30 optional work session (flexible),Sleep onset is drifting later alongside increased late-night screen use — a phone-mediated sleep-delay pattern. Evening calendar density and wind-down timing are plausible leverage points.; Sleep schedule consistency has dropped; circadian rhythm is less stable than typical. Anchoring morning wake time and fixed daily events can help.; Attention is more fragmented while sleep is shorter — attention costs typically rise when sleep debt accumulates. Worth protecting sleep opportunity over discretionary evening commitments.,Sleep onset has been around 00:37 (about 1.3h later than typical 23:19); intermittently (2d of 3); Sleep has averaged 6.6h (0.9h shorter than typical 7.6h); intermittently (2d of 3); Sleep schedule has been less consistent (SRI 75 vs typical 83); intermittently (2d of 3),"Compare Option A and Option B. Pick the option that is more useful, behavior-aware, feasible, and safe for this day.",Add a short transition buffer after study block if the day feels crowded.,"The calendar includes multiple commitments, so a small transition buffer may reduce schedule friction.","Replace or end the 'optional work session' (21:00–22:30) by 21:30 and add a Wind-down block from 21:30–22:30 — no screens, low-stimulation activity (reading, stretching, etc.)",The optional work session occupies the exact window where late-night screen use has spiked. Capping work at 21:30 and filling the remainder with a screen-free wind-down directly targets the phone-mediated-sleep-delay pattern and creates a consistent pre-sleep buffer that supports circadian re-anchoring.,,,,,,,,,,
S018,P006,2026-03-12,08:30-09:45 class (fixed); 10:30-11:15 project meeting (fixed); 15:00-17:00 study block (flexible); 21:00-22:30 optional work session (flexible),Sleep onset is drifting later alongside increased late-night screen use — a phone-mediated sleep-delay pattern. Evening calendar density and wind-down timing are plausible leverage points.; Sleep schedule consistency has dropped; circadian rhythm is less stable than typical. Anchoring morning wake time and fixed daily events can help.; Attention is more fragmented while sleep is shorter — attention costs typically rise when sleep debt accumulates. Worth protecting sleep opportunity over discretionary evening commitments.,Sleep onset has been around 01:09 (about 1.8h later than typical 23:20); sustained across the last 3d; Sleep has averaged 6.3h (1.3h shorter than typical 7.5h); sustained across the last 3d; Sleep schedule has been less consistent (SRI 71 vs typical 83); sustained across the last 3d,"Compare Option A and Option B. Pick the option that is more useful, behavior-aware, feasible, and safe for this day.","Replace or cap the 'optional work session' (21:00–22:30) by adding a hard Wind-down block at 22:00 — screen-off, low-stimulation activity only — to create a buffer before a target sleep time of 23:30.","The optional work session currently ends at 22:30, which is right at the edge of the late-night screen window. Capping active screen work at 22:00 and protecting 22:00–23:30 as wind-down time directly addresses the phone-mediated-sleep-delay pattern. A 23:30 target would recover roughly 1.5h of the lost sleep onset shift over a few nights.",Preserve study block but leave its exact start time adjustable.,"Without behavioral context, the safest recommendation is to maintain flexibility around a non-fixed event.",,,,,,,,,,
S019,P007,2026-03-10,08:30-09:45 class (fixed); 10:30-11:15 project meeting (fixed); 15:00-17:00 study block (flexible); 20:00-22:00 deadline work block (flexible),Location routine has narrowed and time concentrated at frequent places — a behavioral-withdrawal pattern often associated with lower mood and reduced third-place engagement.,Location routine more restricted than baseline (entropy 1.44 vs 1.86); drifting over the last 3d; More time at top-3 frequent places (67% vs typical 59%); (yesterday only),"Compare Option A and Option B. Pick the option that is more useful, behavior-aware, feasible, and safe for this day.",Preserve study block but leave its exact start time adjustable.,"Without behavioral context, the safest recommendation is to maintain flexibility around a non-fixed event.","Add a short 'Change of scenery' break — step outside or work from a different spot (café, library, outdoor bench) for 20–30 minutes","Mobility entropy has been drifting down for 3 days and time at familiar places is up. A brief, low-effort location change introduces environmental variety without disrupting the day's fixed commitments.",,,,,,,,,,
S020,P007,2026-03-11,08:30-09:45 class (fixed); 10:30-11:15 project meeting (fixed); 15:00-17:00 study block (flexible); 20:00-22:00 deadline work block (flexible),Location routine has narrowed and time concentrated at frequent places — a behavioral-withdrawal pattern often associated with lower mood and reduced third-place engagement.,"Total screen time elevated (270min/day vs typical 236min, +15%); intermittently (2d of 3); Location routine more restricted than baseline (entropy 1.08 vs 1.85); drifting over the last 3d; More time at top-3 frequent places (79% vs typical 58%); intermittently (2d of 3)","Compare Option A and Option B. Pick the option that is more useful, behavior-aware, feasible, and safe for this day.",Add a short 'out-of-desk break' block (15–20 min walk or errand outside) in the gap between the project meeting and study block,"Mobility entropy has been drifting down for 3 days. A brief, low-effort out-of-home slot in an already-open gap (11:15–15:00) introduces variety into location routine without disrupting any fixed commitments. Even a short excursion contributes to entropy recovery.",Keep study block flexible and add a 15-minute buffer before it.,The calendar has several obligations; a small buffer is a low-burden adjustment.,,,,,,,,,,
S021,P007,2026-03-12,08:30-09:45 class (fixed); 10:30-11:15 project meeting (fixed); 15:00-17:00 study block (flexible); 20:00-22:00 deadline work block (flexible),Location routine has narrowed and time concentrated at frequent places — a behavioral-withdrawal pattern often associated with lower mood and reduced third-place engagement.,"Total screen time elevated (292min/day vs typical 233min, +25%); sustained across the last 3d; Location routine more restricted than baseline (entropy 0.74 vs 1.85); sustained across the last 3d; More time at top-3 frequent places (90% vs typical 58%); sustained across the last 3d","Compare Option A and Option B. Pick the option that is more useful, behavior-aware, feasible, and safe for this day.","Add a brief daily 'anchor reset' block — a consistent 10-minute transition ritual at the same time each day (e.g., a short walk outside or a fixed lunch break start) to re-establish a routine anchor point","The social rhythm metric has dropped from 0.84 to 0.59, indicating that daily timing anchors have become irregular over the past 3 days. Adding one consistent, low-effort anchor event at the same time each day is the lightest intervention to stabilize routine timing.",Add a short transition buffer after study block if the day feels crowded.,"The calendar includes multiple commitments, so a small transition buffer may reduce schedule friction.",,,,,,,,,,
S022,P008,2026-03-10,08:30-09:45 class (fixed); 10:30-11:15 project meeting (fixed); 15:00-17:00 study block (flexible); 21:00-22:30 optional work session (flexible),Sleep schedule consistency has dropped; circadian rhythm is less stable than typical. Anchoring morning wake time and fixed daily events can help.,Sleep schedule has been less consistent (SRI 79 vs typical 86); (yesterday only); Daily routine timing less regular (SRM 0.69 vs typical 0.80); drifting over the last 3d,"Compare Option A and Option B. Pick the option that is more useful, behavior-aware, feasible, and safe for this day.",Add a short transition buffer after study block if the day feels crowded.,"The calendar includes multiple commitments, so a small transition buffer may reduce schedule friction.","Add a 'Morning anchor' block at 07:30–08:00 each weekday — a brief, consistent start-of-day routine (e.g., breakfast, short walk) before the first fixed commitment.","A stable morning anchor is one of the most effective ways to re-regularize daily rhythm timing. With the SRM drifting for 3 days, adding a low-effort fixed point early in the day can help pull the rest of the schedule back into a consistent pattern without requiring large changes.",,,,,,,,,,
S023,P008,2026-03-11,08:30-09:45 class (fixed); 10:30-11:15 project meeting (fixed); 15:00-17:00 study block (flexible); 21:00-22:30 optional work session (flexible),Sleep schedule consistency has dropped; circadian rhythm is less stable than typical. Anchoring morning wake time and fixed daily events can help.,Sleep onset has been around 00:16 (about 0.9h later than typical 23:20); (yesterday only); Sleep has averaged 7.1h (0.4h shorter than typical 7.5h); intermittently (2d of 3); Sleep schedule has been less consistent (SRI 69 vs typical 86); drifting over the last 3d,"Compare Option A and Option B. Pick the option that is more useful, behavior-aware, feasible, and safe for this day.",End tonight's 'optional work session' by 21:45 at the latest and add a Wind-down block from 21:45–22:30 (replace the tail of the optional session),"Sleep onset shifted ~55 minutes later just yesterday, and the optional work session currently runs to 22:30 — leaving almost no buffer before a target sleep time near 23:20. Capping active work at 21:45 and treating 21:45–22:30 as a low-stimulation wind-down period creates the runway needed to pull onset back toward baseline without requiring any fixed-event changes.",Preserve study block but leave its exact start time adjustable.,"Without behavioral context, the safest recommendation is to maintain flexibility around a non-fixed event.",,,,,,,,,,
S024,P008,2026-03-12,08:30-09:45 class (fixed); 10:30-11:15 project meeting (fixed); 15:00-17:00 study block (flexible); 21:00-22:30 optional work session (flexible),Sleep schedule consistency has dropped; circadian rhythm is less stable than typical. Anchoring morning wake time and fixed daily events can help.,Sleep onset has been around 00:21 (about 1.0h later than typical 23:21); intermittently (1d of 3); Sleep has averaged 7.0h (0.4h shorter than typical 7.4h); intermittently (1d of 3); Sleep schedule has been less consistent (SRI 61 vs typical 86); sustained across the last 3d,"Compare Option A and Option B. Pick the option that is more useful, behavior-aware, feasible, and safe for this day.",Keep study block flexible and add a 15-minute buffer before it.,The calendar has several obligations; a small buffer is a low-burden adjustment.,Convert or end the 'optional work session' by 21:45 and add a 30-minute Wind-down block from 21:45–22:15,"The optional work session currently runs until 22:30, which leaves little buffer before a healthy sleep onset. Capping active work at 21:45 and replacing the tail with a wind-down block creates a consistent pre-sleep routine — a key lever for improving sleep regularity and social rhythm anchoring.",,,,,,,,,,
S025,P009,2026-03-10,08:30-09:45 class (fixed); 10:30-11:15 project meeting (fixed); 15:00-17:00 study block (flexible); 13:00-14:00 lab prep (flexible); 19:30-21:30 problem set work (flexible),Attention is more fragmented while sleep is shorter — attention costs typically rise when sleep debt accumulates. Worth protecting sleep opportunity over discretionary evening commitments.,Sleep has averaged 7.0h (0.6h shorter than typical 7.5h); (yesterday only); Attention pattern more fragmented than baseline (1.4 vs 1.0 switches/active-min); drifting over the last 3d,"Compare Option A and Option B. Pick the option that is more useful, behavior-aware, feasible, and safe for this day.",Keep study block flexible and add a 15-minute buffer before it.,The calendar has several obligations; a small buffer is a low-burden adjustment.,"Add a 20-minute Wind-down block at 21:30 (immediately after the problem-set work session ends) — no screens, light activity such as stretching or reading on paper.","The problem-set block ends at 21:30, which is already a late evening work session. Inserting a brief screen-free buffer before bed addresses the likely mechanism linking elevated app-switching to compressed sleep: it creates a hard stop on device use and gives the nervous system a transition window before sleep onset. This is a minimal, low-burden change that protects the fixed morning commitments the next day.",,,,,,,,,,
S026,P009,2026-03-11,08:30-09:45 class (fixed); 10:30-11:15 project meeting (fixed); 15:00-17:00 study block (flexible); 13:00-14:00 lab prep (flexible); 19:30-21:30 problem set work (flexible),Attention is more fragmented while sleep is shorter — attention costs typically rise when sleep debt accumulates. Worth protecting sleep opportunity over discretionary evening commitments.,"Sleep has averaged 6.4h (1.1h shorter than typical 7.5h); intermittently (2d of 3); Late-night screen use up 111% vs personal baseline (56min vs typical 27min); intermittently (2d of 3); Total screen time elevated (293min/day vs typical 242min, +21%); intermittently (2d of 3)","Compare Option A and Option B. Pick the option that is more useful, behavior-aware, feasible, and safe for this day.",Add a short transition buffer after study block if the day feels crowded.,"The calendar includes multiple commitments, so a small transition buffer may reduce schedule friction.",Add a 'Wind-down / screens off' block at 22:00–22:30 on evenings with work blocks ending at or after 21:00,"Late-night screen use is running ~2× the personal baseline and co-occurs with ~1.1h shorter sleep. A brief wind-down buffer after the 21:30 work block creates a natural stopping point before the window where screen use has been drifting. Low-burden: it is a reminder block, not a hard commitment.",,,,,,,,,,
S027,P009,2026-03-12,08:30-09:45 class (fixed); 10:30-11:15 project meeting (fixed); 15:00-17:00 study block (flexible); 13:00-14:00 lab prep (flexible); 19:30-21:30 problem set work (flexible),Attention is more fragmented while sleep is shorter — attention costs typically rise when sleep debt accumulates. Worth protecting sleep opportunity over discretionary evening commitments.,"Sleep has averaged 5.8h (1.7h shorter than typical 7.6h); sustained across the last 3d; Late-night screen use up 160% vs personal baseline (69min vs typical 26min); sustained across the last 3d; Total screen time elevated (333min/day vs typical 237min, +41%); sustained across the last 3d","Compare Option A and Option B. Pick the option that is more useful, behavior-aware, feasible, and safe for this day.",Preserve study block but leave its exact start time adjustable.,"Without behavioral context, the safest recommendation is to maintain flexibility around a non-fixed event.",Add a 'Wind-down / screens off' block at 21:30 (immediately after problem set work ends) to create a firm boundary before sleep,Late-night screen use is running 160% above baseline and has been the sustained pattern for 3 days. Placing a low-friction wind-down block right when the last flexible work item ends makes it easy to transition without requiring willpower mid-evening. This directly targets the upstream driver of both the sleep compression and the daytime attention fragmentation.,,,,,,,,,,
S028,P010,2026-03-11,08:30-09:45 class (fixed); 10:30-11:15 project meeting (fixed); 15:00-17:00 study block (flexible); 21:00-22:30 optional work session (flexible),Sleep onset is drifting later alongside increased late-night screen use — a phone-mediated sleep-delay pattern. Evening calendar density and wind-down timing are plausible leverage points.; Location routine has narrowed and time concentrated at frequent places — a behavioral-withdrawal pattern often associated with lower mood and reduced third-place engagement.,Sleep onset has been around 00:07 (about 1.0h later than typical 23:05); intermittently (2d of 3); Late-night screen use up 127% vs personal baseline (78min vs typical 34min); intermittently (2d of 3); Location routine more restricted than baseline (entropy 1.43 vs 1.80); intermittently (2d of 3),"Compare Option A and Option B. Pick the option that is more useful, behavior-aware, feasible, and safe for this day.",Convert or end the 'optional work session' (currently 21:00–22:30) by 21:45 at the latest — either shorten it or add a hard stop reminder at 21:45,The optional work session is the most proximate structural driver of late-night screen use and delayed sleep onset. Ending it by 21:45 creates a natural buffer before a wind-down block and brings the evening schedule into alignment with a midnight-or-earlier sleep target.,Add a short transition buffer after study block if the day feels crowded.,"The calendar includes multiple commitments, so a small transition buffer may reduce schedule friction.",,,,,,,,,,
S029,P010,2026-03-12,08:30-09:45 class (fixed); 10:30-11:15 project meeting (fixed); 15:00-17:00 study block (flexible); 21:00-22:30 optional work session (flexible),Sleep onset is drifting later alongside increased late-night screen use — a phone-mediated sleep-delay pattern. Evening calendar density and wind-down timing are plausible leverage points.; Location routine has narrowed and time concentrated at frequent places — a behavioral-withdrawal pattern often associated with lower mood and reduced third-place engagement.,Sleep onset has been around 00:35 (about 1.5h later than typical 23:06); sustained across the last 3d; Late-night screen use up 183% vs personal baseline (96min vs typical 34min); sustained across the last 3d; Location routine more restricted than baseline (entropy 1.19 vs 1.82); sustained across the last 3d,"Compare Option A and Option B. Pick the option that is more useful, behavior-aware, feasible, and safe for this day.","Add a Wind-down block at 22:15 (replace or cap the 'optional work session' at 22:15 rather than 22:30, and mark the remaining time as screen-free wind-down)","The optional work session currently ends at 22:30, which overlaps with the elevated late-night screen window. Capping active work at 22:15 and treating the tail as a wind-down buffer creates a consistent nightly anchor that can help pull sleep onset earlier over several days.",Preserve study block but leave its exact start time adjustable.,"Without behavioral context, the safest recommendation is to maintain flexibility around a non-fixed event.",,,,,,,,,,
S030,P010,2026-03-13,08:30-09:45 class (fixed); 10:30-11:15 project meeting (fixed); 15:00-17:00 study block (flexible); 21:00-22:30 optional work session (flexible),Sleep onset is drifting later alongside increased late-night screen use — a phone-mediated sleep-delay pattern. Evening calendar density and wind-down timing are plausible leverage points.; Location routine has narrowed and time concentrated at frequent places — a behavioral-withdrawal pattern often associated with lower mood and reduced third-place engagement.,Sleep onset has been around 00:33 (about 1.3h later than typical 23:18); sustained across the last 3d; Late-night screen use up 123% vs personal baseline (95min vs typical 42min); sustained across the last 3d; Location routine more restricted than baseline (entropy 1.19 vs 1.72); sustained across the last 3d,"Compare Option A and Option B. Pick the option that is more useful, behavior-aware, feasible, and safe for this day.","Add a Wind-down block at 22:15 to replace or follow the optional work session, signaling a hard stop on screen-based work before 22:30","The optional work session currently ends at 22:30, which sits right at the start of the elevated late-night screen window. Inserting a wind-down block at 22:15 creates a visible calendar boundary that nudges the transition away from screens earlier, directly targeting the phone-mediated-sleep-delay pattern. The session is marked flexible, so this is a low-disruption change.",Keep study block flexible and add a 15-minute buffer before it.,The calendar has several obligations; a small buffer is a low-burden adjustment.,,,,,,,,,,
S031,P011,2026-03-10,08:30-09:45 class (fixed); 10:30-11:15 project meeting (fixed); 15:00-17:00 study block (flexible); 21:00-22:30 optional work session (flexible),Sleep onset is drifting later alongside increased late-night screen use — a phone-mediated sleep-delay pattern. Evening calendar density and wind-down timing are plausible leverage points.; Sleep schedule consistency has dropped; circadian rhythm is less stable than typical. Anchoring morning wake time and fixed daily events can help.,Sleep onset has been around 00:01 (about 0.6h later than typical 23:23); drifting over the last 3d; Sleep has averaged 7.0h (0.5h shorter than typical 7.5h); drifting over the last 3d; Sleep schedule has been less consistent (SRI 78 vs typical 83); (yesterday only),"Compare Option A and Option B. Pick the option that is more useful, behavior-aware, feasible, and safe for this day.",Add a short transition buffer after study block if the day feels crowded.,"The calendar includes multiple commitments, so a small transition buffer may reduce schedule friction.","Replace or cap the 'optional work session' (21:00–22:30) with a hard stop at 21:45, and add a Wind-down block from 21:45–22:30 (no screens)",Late-night screen use spiked to 53 min yesterday and sleep onset has drifted ~36 min later over 3 days. Ending active screen-based work by 21:45 and protecting the 45 minutes before a target sleep time of ~23:15 directly addresses the phone-mediated-sleep-delay pattern without removing the work session entirely.,,,,,,,,,,
S032,P011,2026-03-11,08:30-09:45 class (fixed); 10:30-11:15 project meeting (fixed); 15:00-17:00 study block (flexible); 21:00-22:30 optional work session (flexible),Sleep onset is drifting later alongside increased late-night screen use — a phone-mediated sleep-delay pattern. Evening calendar density and wind-down timing are plausible leverage points.; Sleep schedule consistency has dropped; circadian rhythm is less stable than typical. Anchoring morning wake time and fixed daily events can help.; Attention is more fragmented while sleep is shorter — attention costs typically rise when sleep debt accumulates. Worth protecting sleep opportunity over discretionary evening commitments.,Sleep onset has been around 00:38 (about 1.3h later than typical 23:23); drifting over the last 3d; Sleep has averaged 6.7h (0.8h shorter than typical 7.5h); intermittently (2d of 3); Sleep schedule has been less consistent (SRI 73 vs typical 83); intermittently (2d of 3),"Compare Option A and Option B. Pick the option that is more useful, behavior-aware, feasible, and safe for this day.","Convert or end the 'optional work session' by 21:30 and add a Wind-down block from 21:30–22:30 (no screens, low-stimulation activity)","Late-night screen use is the most pronounced deviation (+158%) and is co-occurring with sleep onset drifting to ~00:38. Ending active screen-based work by 21:30 and protecting the following hour as a wind-down window creates a buffer before a target sleep onset closer to the baseline of ~23:20. The existing optional work session already ends at 22:30, so this is a low-burden shift rather than a new commitment.",Preserve study block but leave its exact start time adjustable.,"Without behavioral context, the safest recommendation is to maintain flexibility around a non-fixed event.",,,,,,,,,,
S033,P011,2026-03-12,08:30-09:45 class (fixed); 10:30-11:15 project meeting (fixed); 15:00-17:00 study block (flexible); 21:00-22:30 optional work session (flexible),Sleep onset is drifting later alongside increased late-night screen use — a phone-mediated sleep-delay pattern. Evening calendar density and wind-down timing are plausible leverage points.; Sleep schedule consistency has dropped; circadian rhythm is less stable than typical. Anchoring morning wake time and fixed daily events can help.; Attention is more fragmented while sleep is shorter — attention costs typically rise when sleep debt accumulates. Worth protecting sleep opportunity over discretionary evening commitments.,Sleep onset has been around 01:12 (about 1.8h later than typical 23:25); sustained across the last 3d; Sleep has averaged 6.3h (1.2h shorter than typical 7.5h); sustained across the last 3d; Sleep schedule has been less consistent (SRI 69 vs typical 83); sustained across the last 3d,"Compare Option A and Option B. Pick the option that is more useful, behavior-aware, feasible, and safe for this day.",Replace or end the 'optional work session' (21:00–22:30) by 21:30 and add a Wind-down block from 21:30–22:30 in its place,"Late-night screen use is running at 3× baseline and is the most direct driver of the delayed sleep onset. The optional work session sits in exactly this window and is marked flexible. Capping work at 21:30 and protecting the remainder as wind-down time removes the structural reason to be on a screen late, giving sleep onset a chance to shift earlier.",Keep study block flexible and add a 15-minute buffer before it.,The calendar has several obligations; a small buffer is a low-burden adjustment.,,,,,,,,,,
S034,P012,2026-03-10,08:30-09:45 class (fixed); 10:30-11:15 project meeting (fixed); 15:00-17:00 study block (flexible); 20:00-22:00 deadline work block (flexible),Location routine has narrowed and time concentrated at frequent places — a behavioral-withdrawal pattern often associated with lower mood and reduced third-place engagement.,Location routine more restricted than baseline (entropy 1.47 vs 1.87); (yesterday only); More time at top-3 frequent places (67% vs typical 57%); (yesterday only); Daily routine timing less regular (SRM 0.74 vs typical 0.83); (yesterday only),"Compare Option A and Option B. Pick the option that is more useful, behavior-aware, feasible, and safe for this day.",Add a short 'change-of-scene' break block (20–30 min) between the afternoon study block and the evening deadline work block — ideally taken outside or in a different location than the study space.,"The mobility-entropy and location-revisit deviations both point to reduced location variety yesterday. A brief, low-effort location change mid-afternoon breaks the concentration at familiar places without disrupting any fixed commitments. It fits naturally in the gap between 17:00 and 20:00.",Keep study block flexible and add a 15-minute buffer before it.,The calendar has several obligations; a small buffer is a low-burden adjustment.,,,,,,,,,,
S035,P012,2026-03-11,08:30-09:45 class (fixed); 10:30-11:15 project meeting (fixed); 15:00-17:00 study block (flexible); 20:00-22:00 deadline work block (flexible),Location routine has narrowed and time concentrated at frequent places — a behavioral-withdrawal pattern often associated with lower mood and reduced third-place engagement.,"Total screen time elevated (281min/day vs typical 240min, +17%); intermittently (2d of 3); Location routine more restricted than baseline (entropy 1.15 vs 1.86); drifting over the last 3d; More time at top-3 frequent places (79% vs typical 57%); intermittently (2d of 3)","Compare Option A and Option B. Pick the option that is more useful, behavior-aware, feasible, and safe for this day.",Add a short transition buffer after study block if the day feels crowded.,"The calendar includes multiple commitments, so a small transition buffer may reduce schedule friction.","Add a hard-stop Wind-down block at 22:00 after the deadline work block, lasting 20 minutes — a screen-free buffer before sleep","The deadline work block ends at 22:00 and screen time is running elevated. Adding a brief buffer prevents the work block from bleeding into late-night screen use, which would further destabilize sleep onset timing.",,,,,,,,,,
S036,P012,2026-03-12,08:30-09:45 class (fixed); 10:30-11:15 project meeting (fixed); 15:00-17:00 study block (flexible); 20:00-22:00 deadline work block (flexible),Location routine has narrowed and time concentrated at frequent places — a behavioral-withdrawal pattern often associated with lower mood and reduced third-place engagement.,"Total screen time elevated (301min/day vs typical 239min, +26%); sustained across the last 3d; Location routine more restricted than baseline (entropy 0.80 vs 1.86); sustained across the last 3d; More time at top-3 frequent places (91% vs typical 57%); sustained across the last 3d","Compare Option A and Option B. Pick the option that is more useful, behavior-aware, feasible, and safe for this day.",Add a 'Change of scenery' block — a short walk or errand outside the top-3 familiar locations — on the next available weekday afternoon,"Mobility entropy is pronounced-down and location revisit ratio is pronounced-up, both sustained 3 days. A brief, low-effort out-of-home slot introduces variety without requiring a large schedule change, gently nudging the location pattern back toward baseline.",Preserve study block but leave its exact start time adjustable.,"Without behavioral context, the safest recommendation is to maintain flexibility around a non-fixed event.",,,,,,,,,,
S037,P013,2026-03-10,08:30-09:45 class (fixed); 10:30-11:15 project meeting (fixed); 15:00-17:00 study block (flexible); 21:00-22:30 optional work session (flexible),Sleep schedule consistency has dropped; circadian rhythm is less stable than typical. Anchoring morning wake time and fixed daily events can help.,Sleep schedule has been less consistent (SRI 76 vs typical 86); (yesterday only); Daily routine timing less regular (SRM 0.70 vs typical 0.81); drifting over the last 3d,"Compare Option A and Option B. Pick the option that is more useful, behavior-aware, feasible, and safe for this day.",Preserve study block but leave its exact start time adjustable.,"Without behavioral context, the safest recommendation is to maintain flexibility around a non-fixed event.",Add a 'Wind-down / wrap up' block at 21:30 to signal the end of the optional work session earlier than 22:30,"The optional work session runs until 22:30, which may be contributing to a later and less consistent sleep onset. Capping active work at 21:30 with a short wind-down buffer preserves the study time while creating a more regular evening anchor — directly addressing the SRM drift and giving the SRI a chance to recover.",,,,,,,,,,
S038,P013,2026-03-11,08:30-09:45 class (fixed); 10:30-11:15 project meeting (fixed); 15:00-17:00 study block (flexible); 21:00-22:30 optional work session (flexible),Sleep schedule consistency has dropped; circadian rhythm is less stable than typical. Anchoring morning wake time and fixed daily events can help.,Sleep onset has been around 00:13 (about 0.8h later than typical 23:24); (yesterday only); Sleep schedule has been less consistent (SRI 68 vs typical 86); intermittently (2d of 3); Daily routine timing less regular (SRM 0.62 vs typical 0.80); intermittently (2d of 3),"Compare Option A and Option B. Pick the option that is more useful, behavior-aware, feasible, and safe for this day.","End or convert the 'optional work session' to a wind-down block by 22:00, freeing 22:00–23:00 as a pre-sleep buffer","Sleep onset has been drifting later and sleep regularity is down. Wrapping active work by 22:00 creates a consistent anchor point before the target sleep window, supporting a more stable schedule on nights before early fixed commitments.",Keep study block flexible and add a 15-minute buffer before it.,The calendar has several obligations; a small buffer is a low-burden adjustment.,,,,,,,,,,
S039,P013,2026-03-12,08:30-09:45 class (fixed); 10:30-11:15 project meeting (fixed); 15:00-17:00 study block (flexible); 21:00-22:30 optional work session (flexible),Sleep schedule consistency has dropped; circadian rhythm is less stable than typical. Anchoring morning wake time and fixed daily events can help.,Sleep onset has been around 00:19 (about 0.9h later than typical 23:24); intermittently (1d of 3); Sleep has averaged 6.9h (0.5h shorter than typical 7.4h); sustained across the last 3d; Sleep schedule has been less consistent (SRI 59 vs typical 86); sustained across the last 3d,"Compare Option A and Option B. Pick the option that is more useful, behavior-aware, feasible, and safe for this day.",Add a short transition buffer after study block if the day feels crowded.,"The calendar includes multiple commitments, so a small transition buffer may reduce schedule friction.","Convert or cap the 'optional work session' (21:00–22:30) to end by 21:30, and add a Wind-down block from 21:30–22:15","The optional work session currently runs until 22:30, which leaves very little buffer before a midnight sleep onset. Capping it at 21:30 and replacing the tail with a wind-down block creates a consistent nightly anchor event — directly addressing the irregular social rhythm and giving the circadian system a reliable cue. This is a low-burden change since the session is already marked flexible.",,,,,,,,,,
S040,P014,2026-03-10,08:30-09:45 class (fixed); 10:30-11:15 project meeting (fixed); 15:00-17:00 study block (flexible); 13:00-14:00 lab prep (flexible); 19:30-21:30 problem set work (flexible),Attention is more fragmented while sleep is shorter — attention costs typically rise when sleep debt accumulates. Worth protecting sleep opportunity over discretionary evening commitments.,Sleep has averaged 7.0h (0.6h shorter than typical 7.6h); (yesterday only); Late-night screen use up 50% vs personal baseline (46min vs typical 31min); (yesterday only); Attention pattern more fragmented than baseline (1.3 vs 1.0 switches/active-min); (yesterday only),"Compare Option A and Option B. Pick the option that is more useful, behavior-aware, feasible, and safe for this day.","Add a 'Wind-down / screens off' block at 22:00–22:30 this evening, after the problem set work block ends at 21:30",Late-night screen use was ~50% above baseline yesterday and coincided with shorter sleep. A 30-minute buffer between the end of evening work and intended sleep onset creates a natural stopping point and reduces the chance of screen use drifting later. Keeps the problem set block intact while protecting sleep opportunity.,Add a short transition buffer after study block if the day feels crowded.,"The calendar includes multiple commitments, so a small transition buffer may reduce schedule friction.",,,,,,,,,,
S041,P014,2026-03-11,08:30-09:45 class (fixed); 10:30-11:15 project meeting (fixed); 15:00-17:00 study block (flexible); 13:00-14:00 lab prep (flexible); 19:30-21:30 problem set work (flexible),Attention is more fragmented while sleep is shorter — attention costs typically rise when sleep debt accumulates. Worth protecting sleep opportunity over discretionary evening commitments.,"Sleep has averaged 6.4h (1.2h shorter than typical 7.6h); intermittently (2d of 3); Late-night screen use up 103% vs personal baseline (61min vs typical 30min); intermittently (2d of 3); Total screen time elevated (293min/day vs typical 233min, +26%); intermittently (2d of 3)","Compare Option A and Option B. Pick the option that is more useful, behavior-aware, feasible, and safe for this day.",Preserve study block but leave its exact start time adjustable.,"Without behavioral context, the safest recommendation is to maintain flexibility around a non-fixed event.","Add a Wind-down block at 21:30 (immediately after problem set work ends) — no screens, low-stimulation activity for 30 minutes before attempting sleep.","Late-night screen use is running 2× personal baseline on 2 of the last 3 nights, and sleep is averaging 1.2h shorter than usual. Placing a screen-off buffer right after the last scheduled work block creates a natural stopping point and reduces the window for late-night screen drift that appears to be compressing sleep.",,,,,,,,,,
S042,P014,2026-03-12,08:30-09:45 class (fixed); 10:30-11:15 project meeting (fixed); 15:00-17:00 study block (flexible); 13:00-14:00 lab prep (flexible); 19:30-21:30 problem set work (flexible),Attention is more fragmented while sleep is shorter — attention costs typically rise when sleep debt accumulates. Worth protecting sleep opportunity over discretionary evening commitments.,"Sleep has averaged 5.8h (1.8h shorter than typical 7.6h); sustained across the last 3d; Late-night screen use up 133% vs personal baseline (71min vs typical 30min); sustained across the last 3d; Total screen time elevated (333min/day vs typical 228min, +46%); sustained across the last 3d","Compare Option A and Option B. Pick the option that is more useful, behavior-aware, feasible, and safe for this day.",Add a 'Wind-down — screens off' block at 22:00 (30 min) to create a buffer between the end of evening work and sleep,"Problem set work ends at 21:30; late-night screen use is running ~71 min/night vs a 30-min baseline. A hard stop at 22:00 shortens the late-night screen window and creates a consistent anchor for sleep onset, directly targeting the mechanism compressing sleep below 6h.",Keep study block flexible and add a 15-minute buffer before it.,The calendar has several obligations; a small buffer is a low-burden adjustment.,,,,,,,,,,
S043,P015,2026-03-10,08:30-09:45 class (fixed); 10:30-11:15 project meeting (fixed); 15:00-17:00 study block (flexible); 21:00-22:30 optional work session (flexible),Sleep onset is drifting later alongside increased late-night screen use — a phone-mediated sleep-delay pattern. Evening calendar density and wind-down timing are plausible leverage points.,Sleep onset has been around 23:36 (about 0.6h later than typical 23:02); drifting over the last 3d; Late-night screen use up 61% vs personal baseline (56min vs typical 35min); (yesterday only); Location routine more restricted than baseline (entropy 1.60 vs 1.76); (yesterday only),"Compare Option A and Option B. Pick the option that is more useful, behavior-aware, feasible, and safe for this day.",Keep study block flexible and add a 15-minute buffer before it.,The calendar has several obligations; a small buffer is a low-burden adjustment.,Add a Wind-down block at 22:30–23:00 (replace or follow the optional work session) to create a screen-free buffer before sleep,"The optional work session currently runs until 22:30, leaving almost no gap before the user's baseline sleep onset. Given the 3-day drift in sleep onset and yesterday's late-night screen spike, adding a 30-minute wind-down block right after 22:30 creates a low-effort structural cue to step away from screens and begin settling — directly targeting the mechanism behind the phone-mediated sleep delay.",,,,,,,,,,
S044,P015,2026-03-11,08:30-09:45 class (fixed); 10:30-11:15 project meeting (fixed); 15:00-17:00 study block (flexible); 21:00-22:30 optional work session (flexible),Sleep onset is drifting later alongside increased late-night screen use — a phone-mediated sleep-delay pattern. Evening calendar density and wind-down timing are plausible leverage points.; Location routine has narrowed and time concentrated at frequent places — a behavioral-withdrawal pattern often associated with lower mood and reduced third-place engagement.,Sleep onset has been around 00:02 (about 1.0h later than typical 23:04); drifting over the last 3d; Late-night screen use up 133% vs personal baseline (80min vs typical 34min); drifting over the last 3d; Location routine more restricted than baseline (entropy 1.45 vs 1.75); intermittently (2d of 3),"Compare Option A and Option B. Pick the option that is more useful, behavior-aware, feasible, and safe for this day.",Add a short transition buffer after study block if the day feels crowded.,"The calendar includes multiple commitments, so a small transition buffer may reduce schedule friction.","Convert 'optional work session' (21:00–22:30) to a hard end at 21:30, or remove it and reschedule to an afternoon slot earlier in the week","The optional work session is the last calendar item before the observed late-night screen window. Ending or shifting it earlier creates a natural transition point before 22:00, reducing the runway for screen use that has been running ~80 min past baseline. This directly targets the phone-mediated sleep delay without removing the work time entirely.",,,,,,,,,,
S045,P015,2026-03-12,08:30-09:45 class (fixed); 10:30-11:15 project meeting (fixed); 15:00-17:00 study block (flexible); 21:00-22:30 optional work session (flexible),Sleep onset is drifting later alongside increased late-night screen use — a phone-mediated sleep-delay pattern. Evening calendar density and wind-down timing are plausible leverage points.; Location routine has narrowed and time concentrated at frequent places — a behavioral-withdrawal pattern often associated with lower mood and reduced third-place engagement.,Sleep onset has been around 00:30 (about 1.4h later than typical 23:05); sustained across the last 3d; Late-night screen use up 192% vs personal baseline (103min vs typical 35min); sustained across the last 3d; Location routine more restricted than baseline (entropy 1.22 vs 1.77); sustained across the last 3d,"Compare Option A and Option B. Pick the option that is more useful, behavior-aware, feasible, and safe for this day.",Preserve study block but leave its exact start time adjustable.,"Without behavioral context, the safest recommendation is to maintain flexibility around a non-fixed event.","Replace or cap the 'optional work session' (21:00–22:30) with a hard stop at 21:30, leaving 22:00 onward free for wind-down",Late-night screen time is running ~3× baseline and sleep onset has shifted 1.4h later over 3 consecutive days. The optional work session ending at 22:30 sits squarely in the high-risk window. Ending work-related screen use by 21:30 creates a buffer before a target sleep onset closer to baseline (~23:00–23:15).,,,,,,,,,,
S046,P016,2026-03-10,08:30-09:45 class (fixed); 10:30-11:15 project meeting (fixed); 15:00-17:00 study block (flexible); 21:00-22:30 optional work session (flexible),Sleep onset is drifting later alongside increased late-night screen use — a phone-mediated sleep-delay pattern. Evening calendar density and wind-down timing are plausible leverage points.,Sleep onset has been around 23:56 (about 0.6h later than typical 23:20); (yesterday only); Sleep has averaged 7.1h (0.4h shorter than typical 7.5h); (yesterday only); Late-night screen use up 66% vs personal baseline (51min vs typical 31min); (yesterday only),"Compare Option A and Option B. Pick the option that is more useful, behavior-aware, feasible, and safe for this day.",Preserve study block but leave its exact start time adjustable.,"Without behavioral context, the safest recommendation is to maintain flexibility around a non-fixed event.","End or convert the 'optional work session' (21:00–22:30) to a screen-free or low-screen activity by 22:00, and add a 15-minute Wind-down block at 22:00","The optional work session runs until 22:30, which overlaps with the window where late-night screen use has been elevated. Capping active screen work at 22:00 and inserting a short wind-down buffer gives a natural transition point that aligns sleep onset closer to the ~23:20 baseline.",,,,,,,,,,
S047,P016,2026-03-11,08:30-09:45 class (fixed); 10:30-11:15 project meeting (fixed); 15:00-17:00 study block (flexible); 21:00-22:30 optional work session (flexible),Sleep onset is drifting later alongside increased late-night screen use — a phone-mediated sleep-delay pattern. Evening calendar density and wind-down timing are plausible leverage points.; Sleep schedule consistency has dropped; circadian rhythm is less stable than typical. Anchoring morning wake time and fixed daily events can help.; Attention is more fragmented while sleep is shorter — attention costs typically rise when sleep debt accumulates. Worth protecting sleep opportunity over discretionary evening commitments.,Sleep onset has been around 00:27 (about 1.1h later than typical 23:21); intermittently (2d of 3); Sleep has averaged 6.7h (0.8h shorter than typical 7.5h); intermittently (2d of 3); Sleep schedule has been less consistent (SRI 75 vs typical 84); drifting over the last 3d,"Compare Option A and Option B. Pick the option that is more useful, behavior-aware, feasible, and safe for this day.",Add a Wind-down block at 22:15–23:00 (screen-free or low-stimulation) on evenings with late optional work or study sessions,"Late-night screen use is the strongest deviation and the most proximate driver of delayed sleep onset. A wind-down block creates a hard boundary between screen activity and sleep, targeting the phone-mediated-sleep-delay pattern. 22:15 gives a 15-minute buffer after the optional work session ends and aligns with the user's typical sleep onset target (~23:21).",Keep study block flexible and add a 15-minute buffer before it.,The calendar has several obligations; a small buffer is a low-burden adjustment.,,,,,,,,,,
S048,P016,2026-03-12,08:30-09:45 class (fixed); 10:30-11:15 project meeting (fixed); 15:00-17:00 study block (flexible); 21:00-22:30 optional work session (flexible),Sleep onset is drifting later alongside increased late-night screen use — a phone-mediated sleep-delay pattern. Evening calendar density and wind-down timing are plausible leverage points.; Sleep schedule consistency has dropped; circadian rhythm is less stable than typical. Anchoring morning wake time and fixed daily events can help.; Attention is more fragmented while sleep is shorter — attention costs typically rise when sleep debt accumulates. Worth protecting sleep opportunity over discretionary evening commitments.,Sleep onset has been around 01:00 (about 1.6h later than typical 23:22); sustained across the last 3d; Sleep has averaged 6.3h (1.3h shorter than typical 7.5h); sustained across the last 3d; Sleep schedule has been less consistent (SRI 70 vs typical 84); sustained across the last 3d,"Compare Option A and Option B. Pick the option that is more useful, behavior-aware, feasible, and safe for this day.","Replace or end the 'optional work session' (21:00–22:30) at 22:00 and add a Wind-down block from 22:00–23:00 — no screens, low-stimulation activity only.","Late-night screen use is running ~72 minutes over baseline every night and is the most direct driver of the delayed sleep onset. Capping the optional work session 30 minutes early and protecting the 22:00–23:00 slot creates a buffer before a target sleep onset of ~23:30, which would recover roughly 1.5h of sleep over the week. The session is already marked flexible, so this is a low-disruption change.",Add a short transition buffer after study block if the day feels crowded.,"The calendar includes multiple commitments, so a small transition buffer may reduce schedule friction.",,,,,,,,,,
S049,P017,2026-03-10,08:30-09:45 class (fixed); 10:30-11:15 project meeting (fixed); 15:00-17:00 study block (flexible); 20:00-22:00 deadline work block (flexible),Location routine has narrowed and time concentrated at frequent places — a behavioral-withdrawal pattern often associated with lower mood and reduced third-place engagement.,Location routine more restricted than baseline (entropy 1.48 vs 1.82); (yesterday only); More time at top-3 frequent places (68% vs typical 59%); (yesterday only); Daily routine timing less regular (SRM 0.73 vs typical 0.82); (yesterday only),"Compare Option A and Option B. Pick the option that is more useful, behavior-aware, feasible, and safe for this day.",Add a short 'Change of Scenery' break block (15–20 min walk or errand outside usual locations) between the morning commitments and the afternoon study block,"A brief out-of-home anchor between 11:15 and 15:00 introduces a new location point, which works against the narrowing location routine and revisit-ratio rise, while also providing a consistent mid-day timing anchor that can help re-regularize daily rhythm.",Add a short transition buffer after study block if the day feels crowded.,"The calendar includes multiple commitments, so a small transition buffer may reduce schedule friction.",,,,,,,,,,
S050,P017,2026-03-11,08:30-09:45 class (fixed); 10:30-11:15 project meeting (fixed); 15:00-17:00 study block (flexible); 20:00-22:00 deadline work block (flexible),Location routine has narrowed and time concentrated at frequent places — a behavioral-withdrawal pattern often associated with lower mood and reduced third-place engagement.,"Total screen time elevated (282min/day vs typical 241min, +17%); (yesterday only); Location routine more restricted than baseline (entropy 1.15 vs 1.82); intermittently (2d of 3); More time at top-3 frequent places (78% vs typical 59%); intermittently (2d of 3)","Compare Option A and Option B. Pick the option that is more useful, behavior-aware, feasible, and safe for this day.",Add a short 'change-of-scene' break (15 min walk or errand outside) between the afternoon study block and the evening deadline work block,"The behavioral-withdrawal pattern shows location range has narrowed over recent days. A brief, low-effort outing between the two flexible work blocks introduces a new location point without disrupting fixed commitments, gently countering the concentration at familiar places.",Preserve study block but leave its exact start time adjustable.,"Without behavioral context, the safest recommendation is to maintain flexibility around a non-fixed event.",,,,,,,,,,
S051,P017,2026-03-12,08:30-09:45 class (fixed); 10:30-11:15 project meeting (fixed); 15:00-17:00 study block (flexible); 20:00-22:00 deadline work block (flexible),Location routine has narrowed and time concentrated at frequent places — a behavioral-withdrawal pattern often associated with lower mood and reduced third-place engagement.,"Total screen time elevated (289min/day vs typical 241min, +20%); sustained across the last 2d; Location routine more restricted than baseline (entropy 0.76 vs 1.84); sustained across the last 3d; More time at top-3 frequent places (89% vs typical 58%); sustained across the last 3d","Compare Option A and Option B. Pick the option that is more useful, behavior-aware, feasible, and safe for this day.",Keep study block flexible and add a 15-minute buffer before it.,The calendar has several obligations; a small buffer is a low-burden adjustment.,Add a brief 'Leave the building' or 'Short walk' block (15–20 min) in the early afternoon on the next available weekday,"Mobility entropy has been pronounced and sustained for 3 days, with nearly all time at familiar locations. A low-commitment, recurring prompt to step outside a habitual location — even briefly — introduces a small amount of location variety without requiring a major schedule change.",,,,,,,,,,
S052,P018,2026-03-10,08:30-09:45 class (fixed); 10:30-11:15 project meeting (fixed); 15:00-17:00 study block (flexible); 21:00-22:30 optional work session (flexible),Sleep schedule consistency has dropped; circadian rhythm is less stable than typical. Anchoring morning wake time and fixed daily events can help.,Sleep schedule has been less consistent (SRI 78 vs typical 86); drifting over the last 3d; Daily routine timing less regular (SRM 0.71 vs typical 0.81); (yesterday only),"Compare Option A and Option B. Pick the option that is more useful, behavior-aware, feasible, and safe for this day.",Keep study block flexible and add a 15-minute buffer before it.,The calendar has several obligations; a small buffer is a low-burden adjustment.,Add a Wind-down block at 22:00–22:30 each evening this week to create a consistent pre-sleep anchor and signal the end of the optional work session by 22:00,The optional work session already ends at 22:30; shifting the wind-down to start at 22:00 creates a soft stop that protects a consistent sleep onset time and directly counters the 3-day drift in sleep regularity.,,,,,,,,,,
S053,P018,2026-03-11,08:30-09:45 class (fixed); 10:30-11:15 project meeting (fixed); 15:00-17:00 study block (flexible); 21:00-22:30 optional work session (flexible),Sleep schedule consistency has dropped; circadian rhythm is less stable than typical. Anchoring morning wake time and fixed daily events can help.,Sleep onset has been around 00:14 (about 0.8h later than typical 23:24); drifting over the last 3d; Sleep schedule has been less consistent (SRI 70 vs typical 86); drifting over the last 3d; Daily routine timing less regular (SRM 0.63 vs typical 0.81); intermittently (2d of 3),"Compare Option A and Option B. Pick the option that is more useful, behavior-aware, feasible, and safe for this day.","Add a 'Wind-down / screens off' block at 22:30–23:00 on weeknights, replacing or capping the optional work session end time","The optional work session currently ends at 22:30, which leaves little buffer before the drifted sleep onset (~00:14). A protected wind-down block creates a hard daily anchor that discourages the session from running later and signals the end of the active day — directly targeting both the late sleep onset and the irregular routine timing.",Add a short transition buffer after study block if the day feels crowded.,"The calendar includes multiple commitments, so a small transition buffer may reduce schedule friction.",,,,,,,,,,
S054,P018,2026-03-12,08:30-09:45 class (fixed); 10:30-11:15 project meeting (fixed); 15:00-17:00 study block (flexible); 21:00-22:30 optional work session (flexible),Sleep schedule consistency has dropped; circadian rhythm is less stable than typical. Anchoring morning wake time and fixed daily events can help.,Sleep onset has been around 00:15 (about 0.9h later than typical 23:24); intermittently (1d of 3); Sleep schedule has been less consistent (SRI 63 vs typical 85); sustained across the last 3d; Daily routine timing less regular (SRM 0.54 vs typical 0.81); sustained across the last 3d,"Compare Option A and Option B. Pick the option that is more useful, behavior-aware, feasible, and safe for this day.",Preserve study block but leave its exact start time adjustable.,"Without behavioral context, the safest recommendation is to maintain flexibility around a non-fixed event.","Add a 'Wind-down / wrap up' block at 22:00–22:30, replacing or capping the optional work session, to create a consistent evening boundary","The optional work session currently runs until 22:30, which leaves very little buffer before a midnight-or-later sleep onset. Adding a wind-down block at 22:00 signals a consistent daily anchor point in the evening — directly addressing the irregular routine timing (SRM) and giving sleep onset a better chance of stabilizing closer to baseline. This is a low-burden change: it doesn't remove the work session, it just caps it.",,,,,,,,,,
S055,P019,2026-03-10,08:30-09:45 class (fixed); 10:30-11:15 project meeting (fixed); 15:00-17:00 study block (flexible); 13:00-14:00 lab prep (flexible); 19:30-21:30 problem set work (flexible),Attention is more fragmented while sleep is shorter — attention costs typically rise when sleep debt accumulates. Worth protecting sleep opportunity over discretionary evening commitments.,Sleep has averaged 7.1h (0.5h shorter than typical 7.6h); (yesterday only); Attention pattern more fragmented than baseline (1.3 vs 1.0 switches/active-min); (yesterday only),"Compare Option A and Option B. Pick the option that is more useful, behavior-aware, feasible, and safe for this day.",Preserve study block but leave its exact start time adjustable.,"Without behavioral context, the safest recommendation is to maintain flexibility around a non-fixed event.","Add a Wind-down block at 22:00 (30 min) after the problem-set work ends, as a soft stop signal before bed",The problem-set block runs until 21:30. Adding a brief wind-down buffer discourages the session from drifting later and reduces the chance of elevated screen activity pushing sleep onset back further — directly addressing the acute short-sleep deviation.,,,,,,,,,,
S056,P019,2026-03-11,08:30-09:45 class (fixed); 10:30-11:15 project meeting (fixed); 15:00-17:00 study block (flexible); 13:00-14:00 lab prep (flexible); 19:30-21:30 problem set work (flexible),Attention is more fragmented while sleep is shorter — attention costs typically rise when sleep debt accumulates. Worth protecting sleep opportunity over discretionary evening commitments.,"Sleep has averaged 6.5h (1.2h shorter than typical 7.6h); intermittently (2d of 3); Late-night screen use up 65% vs personal baseline (46min vs typical 28min); (yesterday only); Total screen time elevated (281min/day vs typical 246min, +14%); (yesterday only)","Compare Option A and Option B. Pick the option that is more useful, behavior-aware, feasible, and safe for this day.",Add a 'Wind-down / screens off' block at 22:00–22:30 on evenings with late work (starting tonight),Late-night screen use was up 65% yesterday and sleep has been ~1.2h shorter than usual on 2 of 3 recent nights. Placing a visible wind-down block immediately after the problem-set work slot (which ends 21:30) creates a low-friction cue to close devices before the window when screen use has been creeping up.,Keep study block flexible and add a 15-minute buffer before it.,The calendar has several obligations; a small buffer is a low-burden adjustment.,,,,,,,,,,
S057,P019,2026-03-12,08:30-09:45 class (fixed); 10:30-11:15 project meeting (fixed); 15:00-17:00 study block (flexible); 13:00-14:00 lab prep (flexible); 19:30-21:30 problem set work (flexible),Attention is more fragmented while sleep is shorter — attention costs typically rise when sleep debt accumulates. Worth protecting sleep opportunity over discretionary evening commitments.,"Sleep has averaged 5.8h (1.8h shorter than typical 7.7h); sustained across the last 3d; Late-night screen use up 136% vs personal baseline (65min vs typical 27min); sustained across the last 2d; Total screen time elevated (333min/day vs typical 241min, +38%); sustained across the last 2d","Compare Option A and Option B. Pick the option that is more useful, behavior-aware, feasible, and safe for this day.",Add a short transition buffer after study block if the day feels crowded.,"The calendar includes multiple commitments, so a small transition buffer may reduce schedule friction.",Add a 'Wind-down — screens off' block at 22:15 (30 min) to create a hard boundary between evening work and sleep preparation,"Late-night screen use has been running ~65 min/night vs. a typical ~27 min, sustained over 2 days, and coincides with sleep being ~1.8h shorter than usual. Placing a named block immediately after the problem-set window closes (21:30) creates a visible cue to stop screen use and begin winding down, targeting the most upstream point in the observed loop.",,,,,,,,,,
S058,P020,2026-03-10,08:30-09:45 class (fixed); 10:30-11:15 project meeting (fixed); 15:00-17:00 study block (flexible); 21:00-22:30 optional work session (flexible),Sleep onset is drifting later alongside increased late-night screen use — a phone-mediated sleep-delay pattern. Evening calendar density and wind-down timing are plausible leverage points.,Sleep onset has been around 23:41 (about 0.6h later than typical 23:05); drifting over the last 3d; Late-night screen use up 55% vs personal baseline (53min vs typical 34min); (yesterday only); Location routine more restricted than baseline (entropy 1.56 vs 1.81); drifting over the last 3d,"Compare Option A and Option B. Pick the option that is more useful, behavior-aware, feasible, and safe for this day.","End or convert the 'optional work session' (21:00–22:30) to a screen-free wind-down block — e.g., rename to 'Wind-down / no screens' and treat the work content as optional carry-over to the next morning instead.","The optional work session runs until 22:30, directly overlapping with the late-night screen window that spiked yesterday. Ending active screen work by 22:00 and protecting the 22:00–22:30 slot as wind-down time creates a structural buffer before the target sleep window (~23:05 baseline). This is the single highest-leverage change given the phone-mediated-sleep-delay pattern.",Add a short transition buffer after study block if the day feels crowded.,"The calendar includes multiple commitments, so a small transition buffer may reduce schedule friction.",,,,,,,,,,
S059,P020,2026-03-11,08:30-09:45 class (fixed); 10:30-11:15 project meeting (fixed); 15:00-17:00 study block (flexible); 21:00-22:30 optional work session (flexible),Sleep onset is drifting later alongside increased late-night screen use — a phone-mediated sleep-delay pattern. Evening calendar density and wind-down timing are plausible leverage points.; Location routine has narrowed and time concentrated at frequent places — a behavioral-withdrawal pattern often associated with lower mood and reduced third-place engagement.,Sleep onset has been around 00:13 (about 1.1h later than typical 23:06); drifting over the last 3d; Late-night screen use up 110% vs personal baseline (71min vs typical 34min); intermittently (2d of 3); Location routine more restricted than baseline (entropy 1.37 vs 1.80); drifting over the last 3d,"Compare Option A and Option B. Pick the option that is more useful, behavior-aware, feasible, and safe for this day.",Preserve study block but leave its exact start time adjustable.,"Without behavioral context, the safest recommendation is to maintain flexibility around a non-fixed event.","Add a Wind-down block at 22:30–23:00 (replace or follow the optional work session), marking it as protected non-screen time","Late-night screen use has been running ~71 min vs a typical ~34 min, and sleep onset has drifted to ~00:13. A dedicated wind-down buffer immediately after the optional work session creates a natural stopping point for screens and aligns with the user's baseline sleep onset of ~23:06.",,,,,,,,,,
S060,P020,2026-03-12,08:30-09:45 class (fixed); 10:30-11:15 project meeting (fixed); 15:00-17:00 study block (flexible); 21:00-22:30 optional work session (flexible),Sleep onset is drifting later alongside increased late-night screen use — a phone-mediated sleep-delay pattern. Evening calendar density and wind-down timing are plausible leverage points.; Location routine has narrowed and time concentrated at frequent places — a behavioral-withdrawal pattern often associated with lower mood and reduced third-place engagement.,Sleep onset has been around 00:42 (about 1.6h later than typical 23:06); sustained across the last 3d; Late-night screen use up 163% vs personal baseline (89min vs typical 34min); sustained across the last 3d; Location routine more restricted than baseline (entropy 1.20 vs 1.80); sustained across the last 3d,"Compare Option A and Option B. Pick the option that is more useful, behavior-aware, feasible, and safe for this day.",Replace or end the 'optional work session' by 21:30 and add a Wind-down block from 21:30–22:30 (no screens),"Late-night screen use is running 163% above baseline and sleep onset has shifted 1.6h later over 3 sustained days. The optional work session currently runs until 22:30, which directly overlaps with the window where screen use is elevated. Ending it earlier and protecting a screen-free wind-down period creates structural space for sleep onset to shift back toward baseline.",Keep study block flexible and add a 15-minute buffer before it.,The calendar has several obligations; a small buffer is a low-burden adjustment.,,,,,,,,,,
